1,January,Monday,1000
2,February,Tuesday,1100
3,March,Wednesday,1200
4,April,Thursday,1300
5,May,Friday,1400
6,June,Saturday,1500
7,July,Sunday,1600
8,August,Monday,1700
9,September,Tuesday,1800
10,October,Wednesday,1900
11,November,Thursday,2000
12,December,Friday,2100
13,January,Saturday,2200
14,February,Sunday,2300
15,March,Monday,2400
16,April,Tuesday,2500
17,May,Wednesday,2600
18,June,Thursday,2700
19,July,Friday,2800
20,August,Saturday,2900
21,September,Sunday,3000
22,October,Monday,3100
23,November,Tuesday,3200
24,December,Wednesday,3300
25,January,Thursday,3400
26,February,Friday,3500
27,March,Saturday,3600
28,April,Sunday,3700
29,May,Monday,3800
30,June,Tuesday,3900
31,July,Wednesday,4000
32,August,Thursday,4100
33,September,Friday,4200
34,October,Saturday,4300
35,November,Sunday,4400
36,December,Monday,4500
37,January,Tuesday,4600
38,February,Wednesday,4700
39,March,Thursday,4800
40,April,Friday,4900
41,May,Saturday,5000
42,June,Sunday,5100
43,July,Monday,5200
44,August,Tuesday,5300
45,September,Wednesday,5400
46,October,Thursday,5500
47,November,Friday,5600
48,December,Saturday,5700
49,January,Sunday,5800
50,February,Monday,5900
51,March,Tuesday,6000
52,April,Wednesday,6100
53,May,Thursday,6200
54,June,Friday,6300
55,July,Saturday,6400
56,August,Sunday,6500
57,September,Monday,6600
58,October,Tuesday,6700
59,November,Wednesday,6800
60,December,Thursday,6900
61,January,Friday,7000
62,February,Saturday,7100
63,March,Sunday,7200
64,April,Monday,7300
65,May,Tuesday,7400
66,June,Wednesday,7500
67,July,Thursday,7600
68,August,Friday,7700
69,September,Saturday,7800
70,October,Sunday,7900
71,November,Monday,8000
72,December,Tuesday,8100
73,January,Wednesday,8200
74,February,Thursday,8300
75,March,Friday,8400
76,April,Saturday,8500
77,May,Sunday,8600
78,June,Monday,8700
79,July,Tuesday,8800
80,August,Wednesday,8900
81,September,Thursday,9000
82,October,Friday,9100
83,November,Saturday,9200
84,December,Sunday,9300
85,January,Monday,9400
86,February,Tuesday,9500
87,March,Wednesday,9600
88,April,Thursday,9700
89,May,Friday,9800
90,June,Saturday,9900
91,July,Sunday,10000
92,August,Monday,10100
93,September,Tuesday,10200
94,October,Wednesday,10300
95,November,Thursday,10400
96,December,Friday,10500
97,January,Saturday,10600
98,February,Sunday,10700
99,March,Monday,10800
100,April,Tuesday,10900
101,May,Wednesday,11000
102,June,Thursday,11100
103,July,Friday,11200
104,August,Saturday,11300
105,September,Sunday,11400
106,October,Monday,11500
107,November,Tuesday,11600
108,December,Wednesday,11700
109,January,Thursday,11800
110,February,Friday,11900
111,March,Saturday,12000
112,April,Sunday,12100
113,May,Monday,12200
114,June,Tuesday,12300
115,July,Wednesday,12400
116,August,Thursday,12500
117,September,Friday,12600
118,October,Saturday,12700
119,November,Sunday,12800
120,December,Monday,12900
121,January,Tuesday,13000
122,February,Wednesday,13100
123,March,Thursday,13200
124,April,Friday,13300
125,May,Saturday,13400
126,June,Sunday,13500
127,July,Monday,13600
128,August,Tuesday,13700
129,September,Wednesday,13800
130,October,Thursday,13900
131,November,Friday,14000
132,December,Saturday,14100
133,January,Sunday,14200
134,February,Monday,14300
135,March,Tuesday,14400
136,April,Wednesday,14500
137,May,Thursday,14600
138,June,Friday,14700
139,July,Saturday,14800
140,August,Sunday,14900
141,September,Monday,15000
142,October,Tuesday,15100
143,November,Wednesday,15200
144,December,Thursday,15300
145,January,Friday,15400
146,February,Saturday,15500
147,March,Sunday,15600
148,April,Monday,15700
149,May,Tuesday,15800
150,June,Wednesday,15900
151,July,Thursday,16000
152,August,Friday,16100
153,September,Saturday,16200
154,October,Sunday,16300
155,November,Monday,16400
156,December,Tuesday,16500
157,January,Wednesday,16600
158,February,Thursday,16700
159,March,Friday,16800
160,April,Saturday,16900
161,May,Sunday,17000
162,June,Monday,17100
163,July,Tuesday,17200
164,August,Wednesday,17300
165,September,Thursday,17400
166,October,Friday,17500
167,November,Saturday,17600
168,December,Sunday,17700
169,January,Monday,17800
170,February,Tuesday,17900
171,March,Wednesday,18000
172,April,Thursday,18100
173,May,Friday,18200
174,June,Saturday,18300
175,July,Sunday,18400
176,August,Monday,18500
177,September,Tuesday,18600
178,October,Wednesday,18700
179,November,Thursday,18800
180,December,Friday,18900
181,January,Saturday,19000
182,February,Sunday,19100
183,March,Monday,19200
184,April,Tuesday,19300
185,May,Wednesday,19400
186,June,Thursday,19500
187,July,Friday,19600
188,August,Saturday,19700
189,September,Sunday,19800
190,October,Monday,19900
191,November,Tuesday,20000
192,December,Wednesday,20100
193,January,Thursday,20200
194,February,Friday,20300
195,March,Saturday,20400
196,April,Sunday,20500
197,May,Monday,20600
198,June,Tuesday,20700
199,July,Wednesday,20800
200,August,Thursday,20900
201,September,Friday,21000
202,October,Saturday,21100
203,November,Sunday,21200
204,December,Monday,21300
205,January,Tuesday,21400
206,February,Wednesday,21500
207,March,Thursday,21600
208,April,Friday,21700
209,May,Saturday,21800
210,June,Sunday,21900
211,July,Monday,22000
212,August,Tuesday,22100
213,September,Wednesday,22200
214,October,Thursday,22300
215,November,Friday,22400
216,December,Saturday,22500
217,January,Sunday,22600
218,February,Monday,22700
219,March,Tuesday,22800
220,April,Wednesday,22900
221,May,Thursday,23000
222,June,Friday,23100
223,July,Saturday,23200
224,August,Sunday,23300
225,September,Monday,23400
226,October,Tuesday,23500
227,November,Wednesday,23600
228,December,Thursday,23700
229,January,Friday,23800
230,February,Saturday,23900
231,March,Sunday,24000
232,April,Monday,24100
233,May,Tuesday,24200
234,June,Wednesday,24300
235,July,Thursday,24400
236,August,Friday,24500
237,September,Saturday,24600
238,October,Sunday,24700
239,November,Monday,24800
240,December,Tuesday,24900
241,January,Wednesday,25000
242,February,Thursday,25100
243,March,Friday,25200
244,April,Saturday,25300
245,May,Sunday,25400
246,June,Monday,25500
247,July,Tuesday,25600
248,August,Wednesday,25700
249,September,Thursday,25800
250,October,Friday,25900
251,November,Saturday,26000
252,December,Sunday,26100
253,January,Monday,26200
254,February,Tuesday,26300
255,March,Wednesday,26400
256,April,Thursday,26500
257,May,Friday,26600
258,June,Saturday,26700
259,July,Sunday,26800
260,August,Monday,26900
261,September,Tuesday,27000
262,October,Wednesday,27100
263,November,Thursday,27200
264,December,Friday,27300
265,January,Saturday,27400
266,February,Sunday,27500
267,March,Monday,27600
268,April,Tuesday,27700
269,May,Wednesday,27800
270,June,Thursday,27900
271,July,Friday,28000
272,August,Saturday,28100
273,September,Sunday,28200
274,October,Monday,28300
275,November,Tuesday,28400
276,December,Wednesday,28500
277,January,Thursday,28600
278,February,Friday,28700
279,March,Saturday,28800
280,April,Sunday,28900
281,May,Monday,29000
282,June,Tuesday,29100
283,July,Wednesday,29200
284,August,Thursday,29300
285,September,Friday,29400
286,October,Saturday,29500
287,November,Sunday,29600
288,December,Monday,29700
289,January,Tuesday,29800
290,February,Wednesday,29900
291,March,Thursday,30000
292,April,Friday,30100
293,May,Saturday,30200
294,June,Sunday,30300
295,July,Monday,30400
296,August,Tuesday,30500
297,September,Wednesday,30600
298,October,Thursday,30700
299,November,Friday,30800
300,December,Saturday,30900
301,January,Sunday,31000
302,February,Monday,31100
303,March,Tuesday,31200
304,April,Wednesday,31300
305,May,Thursday,31400
306,June,Friday,31500
307,July,Saturday,31600
308,August,Sunday,31700
309,September,Monday,31800
310,October,Tuesday,31900
311,November,Wednesday,32000
312,December,Thursday,32100
313,January,Friday,32200
314,February,Saturday,32300
315,March,Sunday,32400
316,April,Monday,32500
317,May,Tuesday,32600
318,June,Wednesday,32700
319,July,Thursday,32800
320,August,Friday,32900
321,September,Saturday,33000
322,October,Sunday,33100
323,November,Monday,33200
324,December,Tuesday,33300
325,January,Wednesday,33400
326,February,Thursday,33500
327,March,Friday,33600
328,April,Saturday,33700
329,May,Sunday,33800
330,June,Monday,33900
331,July,Tuesday,34000
332,August,Wednesday,34100
333,September,Thursday,34200
334,October,Friday,34300
335,November,Saturday,34400
336,December,Sunday,34500
337,January,Monday,34600
338,February,Tuesday,34700
339,March,Wednesday,34800
340,April,Thursday,34900
341,May,Friday,35000
342,June,Saturday,35100
343,July,Sunday,35200
344,August,Monday,35300
345,September,Tuesday,35400
346,October,Wednesday,35500
347,November,Thursday,35600
348,December,Friday,35700
349,January,Saturday,35800
350,February,Sunday,35900
351,March,Monday,36000
352,April,Tuesday,36100
353,May,Wednesday,36200
354,June,Thursday,36300
355,July,Friday,36400
356,August,Saturday,36500
357,September,Sunday,36600
358,October,Monday,36700
359,November,Tuesday,36800
360,December,Wednesday,36900
361,January,Thursday,37000
362,February,Friday,37100
363,March,Saturday,37200
364,April,Sunday,37300
365,May,Monday,37400
366,June,Tuesday,37500
367,July,Wednesday,37600
368,August,Thursday,37700
369,September,Friday,37800
370,October,Saturday,37900
371,November,Sunday,38000
372,December,Monday,38100
373,January,Tuesday,38200
374,February,Wednesday,38300
375,March,Thursday,38400
376,April,Friday,38500
377,May,Saturday,38600
378,June,Sunday,38700
379,July,Monday,38800
380,August,Tuesday,38900
381,September,Wednesday,39000
382,October,Thursday,39100
383,November,Friday,39200
384,December,Saturday,39300
385,January,Sunday,39400
386,February,Monday,39500
387,March,Tuesday,39600
388,April,Wednesday,39700
389,May,Thursday,39800
390,June,Friday,39900
391,July,Saturday,40000
392,August,Sunday,40100
393,September,Monday,40200
394,October,Tuesday,40300
395,November,Wednesday,40400
396,December,Thursday,40500
397,January,Friday,40600
398,February,Saturday,40700
399,March,Sunday,40800
400,April,Monday,40900
401,May,Tuesday,41000
402,June,Wednesday,41100
403,July,Thursday,41200
404,August,Friday,41300
405,September,Saturday,41400
406,October,Sunday,41500
407,November,Monday,41600
408,December,Tuesday,41700
409,January,Wednesday,41800
410,February,Thursday,41900
411,March,Friday,42000
412,April,Saturday,42100
413,May,Sunday,42200
414,June,Monday,42300
415,July,Tuesday,42400
416,August,Wednesday,42500
417,September,Thursday,42600
418,October,Friday,42700
419,November,Saturday,42800
420,December,Sunday,42900
421,January,Monday,43000
422,February,Tuesday,43100
423,March,Wednesday,43200
424,April,Thursday,43300
425,May,Friday,43400
426,June,Saturday,43500
427,July,Sunday,43600
428,August,Monday,43700
429,September,Tuesday,43800
430,October,Wednesday,43900
431,November,Thursday,44000
432,December,Friday,44100
433,January,Saturday,44200
434,February,Sunday,44300
435,March,Monday,44400
436,April,Tuesday,44500
437,May,Wednesday,44600
438,June,Thursday,44700
439,July,Friday,44800
440,August,Saturday,44900
441,September,Sunday,45000
442,October,Monday,45100
443,November,Tuesday,45200
444,December,Wednesday,45300
445,January,Thursday,45400
446,February,Friday,45500
447,March,Saturday,45600
448,April,Sunday,45700
449,May,Monday,45800
450,June,Tuesday,45900
451,July,Wednesday,46000
452,August,Thursday,46100
453,September,Friday,46200
454,October,Saturday,46300
455,November,Sunday,46400
456,December,Monday,46500
457,January,Tuesday,46600
458,February,Wednesday,46700
459,March,Thursday,46800
460,April,Friday,46900
461,May,Saturday,47000
462,June,Sunday,47100
463,July,Monday,47200
464,August,Tuesday,47300
465,September,Wednesday,47400
466,October,Thursday,47500
467,November,Friday,47600
468,December,Saturday,47700
469,January,Sunday,47800
470,February,Monday,47900
471,March,Tuesday,48000
472,April,Wednesday,48100
473,May,Thursday,48200
474,June,Friday,48300
475,July,Saturday,48400
476,August,Sunday,48500
477,September,Monday,48600
478,October,Tuesday,48700
479,November,Wednesday,48800
480,December,Thursday,48900
481,January,Friday,49000
482,February,Saturday,49100
483,March,Sunday,49200
484,April,Monday,49300
485,May,Tuesday,49400
486,June,Wednesday,49500
487,July,Thursday,49600
488,August,Friday,49700
489,September,Saturday,49800
490,October,Sunday,49900
491,November,Monday,50000
492,December,Tuesday,50100
493,January,Wednesday,50200
494,February,Thursday,50300
495,March,Friday,50400
496,April,Saturday,50500
497,May,Sunday,50600
498,June,Monday,50700
499,July,Tuesday,50800
500,August,Wednesday,50900
